"Codigo","Nome","Periodicidade","Unidade"
"20539","Saldo da carteira de crédito - Total","M","R$ (milhões)"
"20540","Saldo da carteira de crédito - Pessoas jurídicas - Total","M","R$ (milhões)"
"20541","Saldo da carteira de crédito - Pessoas físicas - Total","M","R$ (milhões)"
"20542","Saldo da carteira de crédito com recursos livres - Total","M","R$ (milhões)"
"20543","Saldo da carteira de crédito com recursos livres - Pessoas jurídicas - Total","M","R$ (milhões)"
"20544","Saldo da carteira de crédito com recursos livres - Pessoas jurídicas - Desconto de duplicatas e recebíveis","M","R$ (milhões)"
"20545","Saldo da carteira de crédito com recursos livres - Pessoas jurídicas - Desconto de cheques","M","R$ (milhões)"
"20546","Saldo da carteira de crédito com recursos livres - Pessoas jurídicas - Antecipação de faturas de cartão de crédito","M","R$ (milhões)"
"20547","Saldo da carteira de crédito com recursos livres - Pessoas jurídicas - Capital de giro com prazo de até 365 dias","M","R$ (milhões)"
"20548","Saldo da carteira de crédito com recursos livres - Pessoas jurídicas - Capital de giro com prazo superior a 365 dias","M","R$ (milhões)"
"20549","Saldo da carteira de crédito com recursos livres - Pessoas jurídicas - Capital de giro rotativo","M","R$ (milhões)"
"20550","Saldo da carteira de crédito com recursos livres - Pessoas jurídicas - Capital de giro total","M","R$ (milhões)"
"20551","Saldo da carteira de crédito com recursos livres - Pessoas jurídicas - Conta garantida","M","R$ (milhões)"
"20552","Saldo da carteira de crédito com recursos livres - Pessoas jurídicas - Cheque especial","M","R$ (milhões)"
"20553","Saldo da carteira de crédito com recursos livres - Pessoas jurídicas - Aquisição de veículos","M","R$ (milhões)"
"20554","Saldo da carteira de crédito com recursos livres - Pessoas jurídicas - Aquisição de outros bens","M","R$ (milhões)"
"20555","Saldo da carteira de crédito com recursos livres - Pessoas jurídicas - Aquisição de bens total","M","R$ (milhões)"
"20556","Saldo da carteira de crédito com recursos livres - Pessoas jurídicas - Arrendamento mercantil de veículos","M","R$ (milhões)"
"20557","Saldo da carteira de crédito com recursos livres - Pessoas jurídicas - Arrendamento mercantil de outros bens","M","R$ (milhões)"
"20558","Saldo da carteira de crédito com recursos livres - Pessoas jurídicas - Arrendamento mercantil total","M","R$ (milhões)"
"20559","Saldo da carteira de crédito com recursos livres - Pessoas jurídicas - Vendor","M","R$ (milhões)"
"20560","Saldo da carteira de crédito com recursos livres - Pessoas jurídicas - Compror","M","R$ (milhões)"
"20561","Saldo da carteira de crédito com recursos livres - Pessoas jurídicas - Cartão de crédito rotativo","M","R$ (milhões)"
"20562","Saldo da carteira de crédito com recursos livres - Pessoas jurídicas - Cartão de crédito parcelado","M","R$ (milhões)"
"20563","Saldo da carteira de crédito com recursos livres - Pessoas jurídicas - Cartão de crédito à vista","M","R$ (milhões)"
"20564","Saldo da carteira de crédito com recursos livres - Pessoas jurídicas - Cartão de crédito total","M","R$ (milhões)"
"20565","Saldo da carteira de crédito com recursos livres - Pessoas jurídicas - Adiantamento sobre contratos de câmbio (ACC)","M","R$ (milhões)"
"20566","Saldo da carteira de crédito com recursos livres - Pessoas jurídicas - Financiamento a importações","M","R$ (milhões)"
"20567","Saldo da carteira de crédito com recursos livres - Pessoas jurídicas - Financiamento a exportações","M","R$ (milhões)"
"20568","Saldo da carteira de crédito com recursos livres - Pessoas jurídicas - Repasse externo","M","R$ (milhões)"
"20569","Saldo da carteira de crédito com recursos livres - Pessoas jurídicas - Outros créditos livres","M","R$ (milhões)"
"20570","Saldo da carteira de crédito com recursos livres - Pessoas físicas - Total","M","R$ (milhões)"
"20571","Saldo da carteira de crédito com recursos livres não rotativo - Pessoas físicas","M","R$ (milhões)"
"20572","Saldo da carteira de crédito com recursos livres rotativo - Pessoas físicas","M","R$ (milhões)"
"20573","Saldo da carteira de crédito com recursos livres - Pessoas físicas - Cheque especial","M","R$ (milhões)"
"20574","Saldo da carteira de crédito com recursos livres - Pessoas físicas - Crédito pessoal não consignado total","M","R$ (milhões)"
"20575","Saldo da carteira de crédito com recursos livres - Pessoas físicas - Crédito pessoal não consignado vinculado à composição de dívidas","M","R$ (milhões)"
"20576","Saldo da carteira de crédito com recursos livres - Pessoas físicas - Crédito pessoal consignado para trabalhadores do setor privado","M","R$ (milhões)"
"20577","Saldo da carteira de crédito com recursos livres - Pessoas físicas - Crédito pessoal consignado para trabalhadores do setor público","M","R$ (milhões)"
"20578","Saldo da carteira de crédito com recursos livres - Pessoas físicas - Crédito pessoal consignado para aposentados e pensionistas do INSS","M","R$ (milhões)"
"20579","Saldo da carteira de crédito com recursos livres - Pessoas físicas - Crédito pessoal consignado total","M","R$ (milhões)"
"20580","Saldo da carteira de crédito com recursos livres - Pessoas físicas - Crédito pessoal total","M","R$ (milhões)"
"20581","Saldo da carteira de crédito com recursos livres - Pessoas físicas - Aquisição de veículos","M","R$ (milhões)"
"20582","Saldo da carteira de crédito com recursos livres - Pessoas físicas - Aquisição de outros bens","M","R$ (milhões)"
"20583","Saldo da carteira de crédito com recursos livres - Pessoas físicas - Aquisição de bens total","M","R$ (milhões)"
"20584","Saldo da carteira de crédito com recursos livres - Pessoas físicas - Arrendamento mercantil de veículos","M","R$ (milhões)"
"20585","Saldo da carteira de crédito com recursos livres - Pessoas físicas - Arrendamento mercantil de outros bens","M","R$ (milhões)"
"20586","Saldo da carteira de crédito com recursos livres - Pessoas físicas - Arrendamento mercantil total","M","R$ (milhões)"
"20587","Saldo da carteira de crédito com recursos livres - Pessoas físicas - Cartão de crédito rotativo","M","R$ (milhões)"
"20588","Saldo da carteira de crédito com recursos livres - Pessoas físicas - Cartão de crédito parcelado","M","R$ (milhões)"
"20589","Saldo da carteira de crédito com recursos livres - Pessoas físicas - Cartão de crédito à vista","M","R$ (milhões)"
"20590","Saldo da carteira de crédito com recursos livres - Pessoas físicas - Cartão de crédito total","M","R$ (milhões)"
"20591","Saldo da carteira de crédito com recursos livres - Pessoas físicas - Desconto de cheques","M","R$ (milhões)"
"20592","Saldo da carteira de crédito com recursos livres - Pessoas físicas - Outros créditos livres","M","R$ (milhões)"
"20593","Saldo da carteira de crédito com recursos direcionados - Total","M","R$ (milhões)"
"20594","Saldo da carteira de crédito com recursos direcionados - Pessoas jurídicas - Total","M","R$ (milhões)"
"20595","Saldo da carteira de crédito com recursos direcionados - Pessoas jurídicas - Crédito rural com taxas de mercado","M","R$ (milhões)"
"20596","Saldo da carteira de crédito com recursos direcionados - Pessoas jurídicas - Crédito rural com taxas reguladas","M","R$ (milhões)"
"20597","Saldo da carteira de crédito com recursos direcionados - Pessoas jurídicas - Crédito rural total","M","R$ (milhões)"
"20598","Saldo da carteira de crédito com recursos direcionados - Pessoas jurídicas - Financiamento imobiliário com taxas de mercado","M","R$ (milhões)"
"20599","Saldo da carteira de crédito com recursos direcionados - Pessoas jurídicas - Financiamento imobiliário com taxas reguladas","M","R$ (milhões)"
"20600","Saldo da carteira de crédito com recursos direcionados - Pessoas jurídicas - Financiamento imobiliário total","M","R$ (milhões)"
"20601","Saldo da carteira de crédito com recursos direcionados - Pessoas jurídicas - Capital de giro com recursos do BNDES","M","R$ (milhões)"
"20602","Saldo da carteira de crédito com recursos direcionados - Pessoas jurídicas - Financiamento de investimentos com recursos do BNDES","M","R$ (milhões)"
"20603","Saldo da carteira de crédito com recursos direcionados - Pessoas jurídicas - Financiamento agroindustrial com recursos do BNDES","M","R$ (milhões)"
"20604","Saldo da carteira de crédito com recursos direcionados - Pessoas jurídicas - Financiamento com recursos do BNDES total","M","R$ (milhões)"
"20605","Saldo da carteira de crédito com recursos direcionados - Pessoas jurídicas - Outros créditos direcionados","M","R$ (milhões)"
"20606","Saldo da carteira de crédito com recursos direcionados - Pessoas físicas - Total","M","R$ (milhões)"
"20607","Saldo da carteira de crédito com recursos direcionados - Pessoas físicas - Crédito rural com taxas de mercado","M","R$ (milhões)"
"20608","Saldo da carteira de crédito com recursos direcionados - Pessoas físicas - Crédito rural com taxas reguladas","M","R$ (milhões)"
"20609","Saldo da carteira de crédito com recursos direcionados - Pessoas físicas - Crédito rural total","M","R$ (milhões)"
"20610","Saldo da carteira de crédito com recursos direcionados - Pessoas físicas - Financiamento imobiliário com taxas de mercado","M","R$ (milhões)"
"20611","Saldo da carteira de crédito com recursos direcionados - Pessoas físicas - Financiamento imobiliário com taxas reguladas","M","R$ (milhões)"
"20612","Saldo da carteira de crédito com recursos direcionados - Pessoas físicas - Financiamento imobiliário total","M","R$ (milhões)"
"20613","Saldo da carteira de crédito com recursos direcionados - Pessoas físicas - Capital de giro com recursos do BNDES","M","R$ (milhões)"
"20614","Saldo da carteira de crédito com recursos direcionados - Pessoas físicas - Financiamento de investimentos com recursos do BNDES","M","R$ (milhões)"
"20615","Saldo da carteira de crédito com recursos direcionados - Pessoas físicas - Financiamento agroindustrial com recursos do BNDES","M","R$ (milhões)"
"20616","Saldo da carteira de crédito com recursos direcionados - Pessoas físicas - Financiamento com recursos do BNDES total","M","R$ (milhões)"
"20617","Saldo da carteira de crédito com recursos direcionados - Pessoas físicas - Microcrédito destinado a consumo","M","R$ (milhões)"
"20618","Saldo da carteira de crédito com recursos direcionados - Pessoas físicas - Microcrédito destinado a microempreendedores","M","R$ (milhões)"
"20620","Saldo da carteira de crédito com recursos direcionados - Pessoas físicas - Microcrédito total","M","R$ (milhões)"
"20621","Saldo da carteira de crédito com recursos direcionados - Pessoas físicas - Outros créditos direcionados","M","R$ (milhões)"
"20622","Saldo da carteira de crédito em relação ao PIB","M","%"
"20623","Saldo da carteira de crédito a pessoas jurídicas em relação ao PIB","M","%"
"20624","Saldo da carteira de crédito a pessoas físicas em relação ao PIB","M","%"
"20625","Saldo da carteira de crédito com recursos livres em relação ao PIB","M","%"
"20626","Saldo da carteira de crédito com recursos livres a pessoas jurídicas em relação ao PIB","M","%"
"20627","Saldo da carteira de crédito com recursos livres a pessoas físicas em relação ao PIB","M","%"
"20628","Saldo da carteira de crédito com recursos direcionados em relação ao PIB","M","%"
"20629","Saldo da carteira de crédito com recursos direcionados a pessoas jurídicas em relação ao PIB","M","%"
"20630","Saldo da carteira de crédito com recursos direcionados a pessoas físicas em relação ao PIB","M","%"
"20631","Concessões de crédito - Total","M","R$ (milhões)"
"20632","Concessões de crédito - Pessoas jurídicas - Total","M","R$ (milhões)"
"20633","Concessões de crédito - Pessoas físicas - Total","M","R$ (milhões)"
"20634","Concessões de crédito com recursos livres - Total","M","R$ (milhões)"
"20635","Concessões de crédito com recursos livres - Pessoas jurídicas - Total","M","R$ (milhões)"
"20636","Concessões de crédito com recursos livres - Pessoas jurídicas - Desconto de duplicatas e recebíveis","M","R$ (milhões)"
"20637","Concessões de crédito com recursos livres - Pessoas jurídicas - Desconto de cheques","M","R$ (milhões)"
"20638","Concessões de crédito com recursos livres - Pessoas jurídicas - Antecipação de faturas de cartão de crédito","M","R$ (milhões)"
"20639","Concessões de crédito com recursos livres - Pessoas jurídicas - Capital de giro com prazo de até 365 dias","M","R$ (milhões)"
"20640","Concessões de crédito com recursos livres - Pessoas jurídicas - Capital de giro com prazo superior a 365 dias","M","R$ (milhões)"
"20641","Concessões de crédito com recursos livres - Pessoas jurídicas - Capital de giro rotativo","M","R$ (milhões)"
"20642","Concessões de crédito com recursos livres - Pessoas jurídicas - Capital de giro total","M","R$ (milhões)"
"20643","Concessões de crédito com recursos livres - Pessoas jurídicas - Conta garantida","M","R$ (milhões)"
"20644","Concessões de crédito com recursos livres - Pessoas jurídicas - Cheque especial","M","R$ (milhões)"
"20645","Concessões de crédito com recursos livres - Pessoas jurídicas - Aquisição de veículos","M","R$ (milhões)"
"20646","Concessões de crédito com recursos livres - Pessoas jurídicas - Aquisição de outros bens","M","R$ (milhões)"
"20647","Concessões de crédito com recursos livres - Pessoas jurídicas - Aquisição de bens total","M","R$ (milhões)"
"20648","Concessões de crédito com recursos livres - Pessoas jurídicas - Arrendamento mercantil de veículos","M","R$ (milhões)"
"20649","Concessões de crédito com recursos livres - Pessoas jurídicas - Arrendamento mercantil de outros bens","M","R$ (milhões)"
"20650","Concessões de crédito com recursos livres - Pessoas jurídicas - Arrendamento mercantil total","M","R$ (milhões)"
"20651","Concessões de crédito com recursos livres - Pessoas jurídicas - Vendor","M","R$ (milhões)"
"20652","Concessões de crédito com recursos livres - Pessoas jurídicas - Compror","M","R$ (milhões)"
"20653","Concessões de crédito com recursos livres - Pessoas jurídicas - Cartão de crédito rotativo","M","R$ (milhões)"
"20654","Concessões de crédito com recursos livres - Pessoas jurídicas - Cartão de crédito parcelado","M","R$ (milhões)"
"20655","Concessões de crédito com recursos livres - Pessoas jurídicas - Cartão de crédito à vista","M","R$ (milhões)"
"20656","Concessões de crédito com recursos livres - Pessoas jurídicas - Cartão de crédito total","M","R$ (milhões)"
"20657","Concessões de crédito com recursos livres - Pessoas jurídicas - Adiantamento sobre contratos de câmbio (ACC)","M","R$ (milhões)"
"20658","Concessões de crédito com recursos livres - Pessoas jurídicas - Financiamento a importações","M","R$ (milhões)"
"20659","Concessões de crédito com recursos livres - Pessoas jurídicas - Financiamento a exportações","M","R$ (milhões)"
"20660","Concessões de crédito com recursos livres - Pessoas jurídicas - Repasse externo","M","R$ (milhões)"
"20661","Concessões de crédito com recursos livres - Pessoas jurídicas - Outros créditos livres","M","R$ (milhões)"
"20662","Concessões de crédito com recursos livres - Pessoas físicas - Total","M","R$ (milhões)"
"20663","Concessões de crédito com recursos livres não rotativo - Pessoas físicas","M","R$ (milhões)"
"20664","Concessões de crédito com recursos livres rotativo - Pessoas físicas","M","R$ (milhões)"
"20665","Concessões de crédito com recursos livres - Pessoas físicas - Cheque especial","M","R$ (milhões)"
"20666","Concessões de crédito com recursos livres - Pessoas físicas - Crédito pessoal não consignado total","M","R$ (milhões)"
"20667","Concessões de crédito com recursos livres - Pessoas físicas - Crédito pessoal não consignado vinculado à composição de dívidas","M","R$ (milhões)"
"20668","Concessões de crédito com recursos livres - Pessoas físicas - Crédito pessoal consignado para trabalhadores do setor privado","M","R$ (milhões)"
"20669","Concessões de crédito com recursos livres - Pessoas físicas - Crédito pessoal consignado para trabalhadores do setor público","M","R$ (milhões)"
"20670","Concessões de crédito com recursos livres - Pessoas físicas - Crédito pessoal consignado para aposentados e pensionistas do INSS","M","R$ (milhões)"
"20671","Concessões de crédito com recursos livres - Pessoas físicas - Crédito pessoal consignado total","M","R$ (milhões)"
"20672","Concessões de crédito com recursos livres - Pessoas físicas - Crédito pessoal total","M","R$ (milhões)"
"20673","Concessões de crédito com recursos livres - Pessoas físicas - Aquisição de veículos","M","R$ (milhões)"
"20674","Concessões de crédito com recursos livres - Pessoas físicas - Aquisição de outros bens","M","R$ (milhões)"
"20675","Concessões de crédito com recursos livres - Pessoas físicas - Aquisição de bens total","M","R$ (milhões)"
"20676","Concessões de crédito com recursos livres - Pessoas físicas - Arrendamento mercantil de veículos","M","R$ (milhões)"
"20677","Concessões de crédito com recursos livres - Pessoas físicas - Arrendamento mercantil de outros bens","M","R$ (milhões)"
"20678","Concessões de crédito com recursos livres - Pessoas físicas - Arrendamento mercantil total","M","R$ (milhões)"
"20679","Concessões de crédito com recursos livres - Pessoas físicas - Cartão de crédito rotativo","M","R$ (milhões)"
"20680","Concessões de crédito com recursos livres - Pessoas físicas - Cartão de crédito parcelado","M","R$ (milhões)"
"20681","Concessões de crédito com recursos livres - Pessoas físicas - Cartão de crédito à vista","M","R$ (milhões)"
"20682","Concessões de crédito com recursos livres - Pessoas físicas - Cartão de crédito total","M","R$ (milhões)"
"20683","Concessões de crédito com recursos livres - Pessoas físicas - Desconto de cheques","M","R$ (milhões)"
"20684","Concessões de crédito com recursos livres - Pessoas físicas - Outros créditos livres","M","R$ (milhões)"
"20685","Concessões de crédito com recursos direcionados - Total","M","R$ (milhões)"
"20686","Concessões de crédito com recursos direcionados - Pessoas jurídicas - Total","M","R$ (milhões)"
"20687","Concessões de crédito com recursos direcionados - Pessoas jurídicas - Crédito rural com taxas de mercado","M","R$ (milhões)"
"20688","Concessões de crédito com recursos direcionados - Pessoas jurídicas - Crédito rural com taxas reguladas","M","R$ (milhões)"
"20689","Concessões de crédito com recursos direcionados - Pessoas jurídicas - Crédito rural total","M","R$ (milhões)"
"20690","Concessões de crédito com recursos direcionados - Pessoas jurídicas - Financiamento imobiliário com taxas de mercado","M","R$ (milhões)"
"20691","Concessões de crédito com recursos direcionados - Pessoas jurídicas - Financiamento imobiliário com taxas reguladas","M","R$ (milhões)"
"20692","Concessões de crédito com recursos direcionados - Pessoas jurídicas - Financiamento imobiliário total","M","R$ (milhões)"
"20693","Concessões de crédito com recursos direcionados - Pessoas jurídicas - Capital de giro com recursos do BNDES","M","R$ (milhões)"
"20694","Concessões de crédito com recursos direcionados - Pessoas jurídicas - Financiamento de investimentos com recursos do BNDES","M","R$ (milhões)"
"20695","Concessões de crédito com recursos direcionados - Pessoas jurídicas - Financiamento agroindustrial com recursos do BNDES","M","R$ (milhões)"
"20696","Concessões de crédito com recursos direcionados - Pessoas jurídicas - Financiamento com recursos do BNDES total","M","R$ (milhões)"
"20697","Concessões de crédito com recursos direcionados - Pessoas jurídicas - Outros créditos direcionados","M","R$ (milhões)"
"20698","Concessões de crédito com recursos direcionados - Pessoas físicas - Total","M","R$ (milhões)"
"20699","Concessões de crédito com recursos direcionados - Pessoas físicas - Crédito rural com taxas de mercado","M","R$ (milhões)"
"20700","Concessões de crédito com recursos direcionados - Pessoas físicas - Crédito rural com taxas reguladas","M","R$ (milhões)"
"20701","Concessões de crédito com recursos direcionados - Pessoas físicas - Crédito rural total","M","R$ (milhões)"
"20702","Concessões de crédito com recursos direcionados - Pessoas físicas - Financiamento imobiliário com taxas de mercado","M","R$ (milhões)"
"20703","Concessões de crédito com recursos direcionados - Pessoas físicas - Financiamento imobiliário com taxas reguladas","M","R$ (milhões)"
"20704","Concessões de crédito com recursos direcionados - Pessoas físicas - Financiamento imobiliário total","M","R$ (milhões)"
"20705","Concessões de crédito com recursos direcionados - Pessoas físicas - Capital de giro com recursos do BNDES","M","R$ (milhões)"
"20706","Concessões de crédito com recursos direcionados - Pessoas físicas - Financiamento de investimentos com recursos do BNDES","M","R$ (milhões)"
"20707","Concessões de crédito com recursos direcionados - Pessoas físicas - Financiamento agroindustrial com recursos do BNDES","M","R$ (milhões)"
"20708","Concessões de crédito com recursos direcionados - Pessoas físicas - Financiamento com recursos do BNDES total","M","R$ (milhões)"
"20709","Concessões de crédito com recursos direcionados - Pessoas físicas - Microcrédito destinado a consumo","M","R$ (milhões)"
"20710","Concessões de crédito com recursos direcionados - Pessoas físicas - Microcrédito destinado a microempreendedores","M","R$ (milhões)"
"20712","Concessões de crédito com recursos direcionados - Pessoas físicas - Microcrédito total","M","R$ (milhões)"
"20713","Concessões de crédito com recursos direcionados - Pessoas físicas - Outros créditos direcionados","M","R$ (milhões)"
"20714","Taxa média de juros das operações de crédito - Total","M","% a.a."
"20715","Taxa média de juros das operações de crédito - Pessoas jurídicas - Total","M","% a.a."
"20716","Taxa média de juros das operações de crédito - Pessoas físicas - Total","M","% a.a."
"20717","Taxa média de juros das operações de crédito com recursos livres - Total","M","% a.a."
"20718","Taxa média de juros das operações de crédito com recursos livres - Pessoas jurídicas - Total","M","% a.a."
"20719","Taxa média de juros das operações de crédito com recursos livres - Pessoas jurídicas - Desconto de duplicatas e recebíveis","M","% a.a."
"20720","Taxa média de juros das operações de crédito com recursos livres - Pessoas jurídicas - Desconto de cheques","M","% a.a."
"20721","Taxa média de juros das operações de crédito com recursos livres - Pessoas jurídicas - Antecipação de faturas de cartão de crédito","M","% a.a."
"20722","Taxa média de juros das operações de crédito com recursos livres - Pessoas jurídicas - Capital de giro com prazo de até 365 dias","M","% a.a."
"20723","Taxa média de juros das operações de crédito com recursos livres - Pessoas jurídicas - Capital de giro com prazo superior a 365 dias","M","% a.a."
"20724","Taxa média de juros das operações de crédito com recursos livres - Pessoas jurídicas - Capital de giro rotativo","M","% a.a."
"20725","Taxa média de juros das operações de crédito com recursos livres - Pessoas jurídicas - Capital de giro total","M","% a.a."
"20726","Taxa média de juros das operações de crédito com recursos livres - Pessoas jurídicas - Conta garantida","M","% a.a."
"20727","Taxa média de juros das operações de crédito com recursos livres - Pessoas jurídicas - Cheque especial","M","% a.a."
"20728","Taxa média de juros das operações de crédito com recursos livres - Pessoas jurídicas - Aquisição de veículos","M","% a.a."
"20729","Taxa média de juros das operações de crédito com recursos livres - Pessoas jurídicas - Aquisição de outros bens","M","% a.a."
"20730","Taxa média de juros das operações de crédito com recursos livres - Pessoas jurídicas - Aquisição de bens total","M","% a.a."
"20731","Taxa média de juros das operações de crédito com recursos livres - Pessoas jurídicas - Arrendamento mercantil de veículos","M","% a.a."
"20732","Taxa média de juros das operações de crédito com recursos livres - Pessoas jurídicas - Arrendamento mercantil de outros bens","M","% a.a."
"20733","Taxa média de juros das operações de crédito com recursos livres - Pessoas jurídicas - Arrendamento mercantil total","M","% a.a."
"20734","Taxa média de juros das operações de crédito com recursos livres - Pessoas jurídicas - Vendor","M","% a.a."
"20735","Taxa média de juros das operações de crédito com recursos livres - Pessoas jurídicas - Compror","M","% a.a."
"20736","Taxa média de juros das operações de crédito com recursos livres - Pessoas jurídicas - Adiantamento sobre contratos de câmbio (ACC)","M","% a.a."
"20737","Taxa média de juros das operações de crédito com recursos livres - Pessoas jurídicas - Financiamento a importações","M","% a.a."
"20738","Taxa média de juros das operações de crédito com recursos livres - Pessoas jurídicas - Financiamento a exportações","M","% a.a."
"20739","Taxa média de juros das operações de crédito com recursos livres - Pessoas jurídicas - Repasse externo","M","% a.a."
"20740","Taxa média de juros das operações de crédito com recursos livres - Pessoas físicas - Total","M","% a.a."
"20741","Taxa média de juros das operações de crédito com recursos livres - Pessoas físicas - Cheque especial","M","% a.a."
"20742","Taxa média de juros das operações de crédito com recursos livres - Pessoas físicas - Crédito pessoal não consignado total","M","% a.a."
"20743","Taxa média de juros das operações de crédito com recursos livres - Pessoas físicas - Crédito pessoal não consignado vinculado à composição de dívidas","M","% a.a."
"20744","Taxa média de juros das operações de crédito com recursos livres - Pessoas físicas - Crédito pessoal consignado para trabalhadores do setor privado","M","% a.a."
"20745","Taxa média de juros das operações de crédito com recursos livres - Pessoas físicas - Crédito pessoal consignado para trabalhadores do setor público","M","% a.a."
"20746","Taxa média de juros das operações de crédito com recursos livres - Pessoas físicas - Crédito pessoal consignado para aposentados e pensionistas do INSS","M","% a.a."
"20747","Taxa média de juros das operações de crédito com recursos livres - Pessoas físicas - Crédito pessoal consignado total","M","% a.a."
"20748","Taxa média de juros das operações de crédito com recursos livres - Pessoas físicas - Crédito pessoal total","M","% a.a."
"20749","Taxa média de juros das operações de crédito com recursos livres - Pessoas físicas - Aquisição de veículos","M","% a.a."
"20750","Taxa média de juros das operações de crédito com recursos livres - Pessoas físicas - Aquisição de outros bens","M","% a.a."
"20751","Taxa média de juros das operações de crédito com recursos livres - Pessoas físicas - Aquisição de bens total","M","% a.a."
"20752","Taxa média de juros das operações de crédito com recursos livres - Pessoas físicas - Arrendamento mercantil de veículos","M","% a.a."
"20753","Taxa média de juros das operações de crédito com recursos livres - Pessoas físicas - Arrendamento mercantil de outros bens","M","% a.a."
"20754","Taxa média de juros das operações de crédito com recursos livres - Pessoas físicas - Arrendamento mercantil total","M","% a.a."
"20755","Taxa média de juros das operações de crédito com recursos livres - Pessoas físicas - Desconto de cheques","M","% a.a."
"20756","Taxa média de juros das operações de crédito com recursos direcionados - Total","M","% a.a."
"20757","Taxa média de juros das operações de crédito com recursos direcionados - Pessoas jurídicas - Total","M","% a.a."
"20758","Taxa média de juros das operações de crédito com recursos direcionados - Pessoas jurídicas - Crédito rural com taxas de mercado","M","% a.a."
"20759","Taxa média de juros das operações de crédito com recursos direcionados - Pessoas jurídicas - Crédito rural com taxas reguladas","M","% a.a."
"20760","Taxa média de juros das operações de crédito com recursos direcionados - Pessoas jurídicas - Crédito rural total","M","% a.a."
"20761","Taxa média de juros das operações de crédito com recursos direcionados - Pessoas jurídicas - Financiamento imobiliário com taxas de mercado","M","% a.a."
"20762","Taxa média de juros das operações de crédito com recursos direcionados - Pessoas jurídicas - Financiamento imobiliário com taxas reguladas","M","% a.a."
"20763","Taxa média de juros das operações de crédito com recursos direcionados - Pessoas jurídicas - Financiamento imobiliário total","M","% a.a."
"20764","Taxa média de juros das operações de crédito com recursos direcionados - Pessoas jurídicas - Capital de giro com recursos do BNDES","M","% a.a."
"20765","Taxa média de juros das operações de crédito com recursos direcionados - Pessoas jurídicas - Financiamento de investimentos com recursos do BNDES","M","% a.a."
"20766","Taxa média de juros das operações de crédito com recursos direcionados - Pessoas jurídicas - Financiamento agroindustrial com recursos do BNDES","M","% a.a."
"20767","Taxa média de juros das operações de crédito com recursos direcionados - Pessoas jurídicas - Financiamento com recursos do BNDES total","M","% a.a."
"20768","Taxa média de juros das operações de crédito com recursos direcionados - Pessoas físicas - Total","M","% a.a."
"20769","Taxa média de juros das operações de crédito com recursos direcionados - Pessoas físicas - Crédito rural com taxas de mercado","M","% a.a."
"20770","Taxa média de juros das operações de crédito com recursos direcionados - Pessoas físicas - Crédito rural com taxas reguladas","M","% a.a."
"20771","Taxa média de juros das operações de crédito com recursos direcionados - Pessoas físicas - Crédito rural total","M","% a.a."
"20772","Taxa média de juros das operações de crédito com recursos direcionados - Pessoas físicas - Financiamento imobiliário com taxas de mercado","M","% a.a."
"20773","Taxa média de juros das operações de crédito com recursos direcionados - Pessoas físicas - Financiamento imobiliário com taxas reguladas","M","% a.a."
"20774","Taxa média de juros das operações de crédito com recursos direcionados - Pessoas físicas - Financiamento imobiliário total","M","% a.a."
"20776","Taxa média de juros das operações de crédito com recursos direcionados - Pessoas físicas - Financiamento de investimentos com recursos do BNDES","M","% a.a."
"20777","Taxa média de juros das operações de crédito com recursos direcionados - Pessoas físicas - Financiamento agroindustrial com recursos do BNDES","M","% a.a."
"20778","Taxa média de juros das operações de crédito com recursos direcionados - Pessoas físicas - Financiamento com recursos do BNDES total","M","% a.a."
"20779","Taxa média de juros das operações de crédito com recursos direcionados - Pessoas físicas - Microcrédito destinado a consumo","M","% a.a."
"20780","Taxa média de juros das operações de crédito com recursos direcionados - Pessoas físicas - Microcrédito destinado a microempreendedores","M","% a.a."
"20782","Taxa média de juros das operações de crédito com recursos direcionados - Pessoas físicas - Microcrédito total","M","% a.a."
"20783","Spread médio das operações de crédito - Total","M","p.p."
"20784","Spread médio das operações de crédito - Pessoas jurídicas - Total","M","p.p."
"20785","Spread médio das operações de crédito - Pessoas físicas - Total","M","p.p."
"20786","Spread médio das operações de crédito com recursos livres - Total","M","p.p."
"20787","Spread médio das operações de crédito com recursos livres - Pessoas jurídicas - Total","M","p.p."
"20809","Spread médio das operações de crédito com recursos livres - Pessoas físicas - Total","M","p.p."
"20825","Spread médio das operações de crédito com recursos direcionados - Total","M","p.p."
"20826","Spread médio das operações de crédito com recursos direcionados - Pessoas jurídicas - Total","M","p.p."
"20837","Spread médio das operações de crédito com recursos direcionados - Pessoas físicas - Total","M","p.p."
"20852","Prazo médio das concessões de crédito - Total","M","Meses"
"20853","Prazo médio das concessões de crédito - Pessoas jurídicas - Total","M","Meses"
"20854","Prazo médio das concessões de crédito - Pessoas físicas - Total","M","Meses"
"20855","Prazo médio das concessões de crédito com recursos livres - Total","M","Meses"
"20856","Prazo médio das concessões de crédito com recursos livres - Pessoas jurídicas - Total","M","Meses"
"20857","Prazo médio das concessões de crédito com recursos livres - Pessoas jurídicas - Desconto de duplicatas e recebíveis","M","Meses"
"20858","Prazo médio das concessões de crédito com recursos livres - Pessoas jurídicas - Desconto de cheques","M","Meses"
"20859","Prazo médio das concessões de crédito com recursos livres - Pessoas jurídicas - Antecipação de faturas de cartão de crédito","M","Meses"
"20860","Prazo médio das concessões de crédito com recursos livres - Pessoas jurídicas - Capital de giro com prazo de até 365 dias","M","Meses"
"20861","Prazo médio das concessões de crédito com recursos livres - Pessoas jurídicas - Capital de giro com prazo superior a 365 dias","M","Meses"
"20862","Prazo médio das concessões de crédito com recursos livres - Pessoas jurídicas - Capital de giro rotativo","M","Meses"
"20863","Prazo médio das concessões de crédito com recursos livres - Pessoas jurídicas - Capital de giro total","M","Meses"
"20864","Prazo médio das concessões de crédito com recursos livres - Pessoas jurídicas - Aquisição de veículos","M","Meses"
"20865","Prazo médio das concessões de crédito com recursos livres - Pessoas jurídicas - Aquisição de outros bens","M","Meses"
"20866","Prazo médio das concessões de crédito com recursos livres - Pessoas jurídicas - Aquisição de bens total","M","Meses"
"20867","Prazo médio das concessões de crédito com recursos livres - Pessoas jurídicas - Arrendamento mercantil de veículos","M","Meses"
"20868","Prazo médio das concessões de crédito com recursos livres - Pessoas jurídicas - Arrendamento mercantil de outros bens","M","Meses"
"20869","Prazo médio das concessões de crédito com recursos livres - Pessoas jurídicas - Arrendamento mercantil total","M","Meses"
"20870","Prazo médio das concessões de crédito com recursos livres - Pessoas jurídicas - Vendor","M","Meses"
"20871","Prazo médio das concessões de crédito com recursos livres - Pessoas jurídicas - Compror","M","Meses"
"20872","Prazo médio das concessões de crédito com recursos livres - Pessoas jurídicas - Cartão de crédito parcelado","M","Meses"
"20873","Prazo médio das concessões de crédito com recursos livres - Pessoas jurídicas - Adiantamento sobre contratos de câmbio (ACC)","M","Meses"
"20874","Prazo médio das concessões de crédito com recursos livres - Pessoas jurídicas - Financiamento a importações","M","Meses"
"20875","Prazo médio das concessões de crédito com recursos livres - Pessoas jurídicas - Financiamento a exportações","M","Meses"
"20876","Prazo médio das concessões de crédito com recursos livres - Pessoas jurídicas - Repasse externo","M","Meses"
"20877","Prazo médio das concessões de crédito com recursos livres - Pessoas jurídicas - Outros créditos livres","M","Meses"
"20878","Prazo médio das concessões de crédito com recursos livres - Pessoas físicas - Total","M","Meses"
"20879","Prazo médio das concessões de crédito com recursos livres - Pessoas físicas - Crédito pessoal não consignado total","M","Meses"
"20880","Prazo médio das concessões de crédito com recursos livres - Pessoas físicas - Crédito pessoal não consignado vinculado à composição de dívidas","M","Meses"
"20881","Prazo médio das concessões de crédito com recursos livres - Pessoas físicas - Crédito pessoal consignado para trabalhadores do setor privado","M","Meses"
"20882","Prazo médio das concessões de crédito com recursos livres - Pessoas físicas - Crédito pessoal consignado para trabalhadores do setor público","M","Meses"
"20883","Prazo médio das concessões de crédito com recursos livres - Pessoas físicas - Crédito pessoal consignado para aposentados e pensionistas do INSS","M","Meses"
"20884","Prazo médio das concessões de crédito com recursos livres - Pessoas físicas - Crédito pessoal consignado total","M","Meses"
"20885","Prazo médio das concessões de crédito com recursos livres - Pessoas físicas - Crédito pessoal total","M","Meses"
"20886","Prazo médio das concessões de crédito com recursos livres - Pessoas físicas - Aquisição de veículos","M","Meses"
"20887","Prazo médio das concessões de crédito com recursos livres - Pessoas físicas - Aquisição de outros bens","M","Meses"
"20888","Prazo médio das concessões de crédito com recursos livres - Pessoas físicas - Aquisição de bens total","M","Meses"
"20889","Prazo médio das concessões de crédito com recursos livres - Pessoas físicas - Arrendamento mercantil de veículos","M","Meses"
"20890","Prazo médio das concessões de crédito com recursos livres - Pessoas físicas - Arrendamento mercantil de outros bens","M","Meses"
"20891","Prazo médio das concessões de crédito com recursos livres - Pessoas físicas - Arrendamento mercantil total","M","Meses"
"20892","Prazo médio das concessões de crédito com recursos livres - Pessoas físicas - Cartão de crédito parcelado","M","Meses"
"20893","Prazo médio das concessões de crédito com recursos livres - Pessoas físicas - Desconto de cheques","M","Meses"
"20894","Prazo médio das concessões de crédito com recursos livres - Pessoas físicas - Outros créditos livres","M","Meses"
"20895","Prazo médio das concessões de crédito com recursos direcionados - Total","M","Meses"
"20896","Prazo médio das concessões de crédito com recursos direcionados - Pessoas jurídicas - Total","M","Meses"
"20897","Prazo médio das concessões de crédito com recursos direcionados - Pessoas jurídicas - Crédito rural com taxas de mercado","M","Meses"
"20898","Prazo médio das concessões de crédito com recursos direcionados - Pessoas jurídicas - Crédito rural com taxas reguladas","M","Meses"
"20899","Prazo médio das concessões de crédito com recursos direcionados - Pessoas jurídicas - Crédito rural total","M","Meses"
"20900","Prazo médio das concessões de crédito com recursos direcionados - Pessoas jurídicas - Financiamento imobiliário com taxas de mercado","M","Meses"
"21082","Inadimplência da carteira de crédito - Total","M","%"
"21083","Inadimplência da carteira de crédito - Pessoas jurídicas - Total","M","%"
"21084","Inadimplência da carteira de crédito - Pessoas físicas - Total","M","%"
"21085","Inadimplência da carteira de crédito com recursos livres - Total","M","%"
"21086","Inadimplência da carteira de crédito com recursos livres - Pessoas jurídicas - Total","M","%"
"21087","Inadimplência da carteira de crédito com recursos livres - Pessoas jurídicas - Desconto de duplicatas e recebíveis","M","%"
"21088","Inadimplência da carteira de crédito com recursos livres - Pessoas jurídicas - Desconto de cheques","M","%"
"21089","Inadimplência da carteira de crédito com recursos livres - Pessoas jurídicas - Antecipação de faturas de cartão de crédito","M","%"
"21090","Inadimplência da carteira de crédito com recursos livres - Pessoas jurídicas - Capital de giro com prazo de até 365 dias","M","%"
"21091","Inadimplência da carteira de crédito com recursos livres - Pessoas jurídicas - Capital de giro com prazo superior a 365 dias","M","%"
"21092","Inadimplência da carteira de crédito com recursos livres - Pessoas jurídicas - Capital de giro rotativo","M","%"
"21093","Inadimplência da carteira de crédito com recursos livres - Pessoas jurídicas - Capital de giro total","M","%"
"21094","Inadimplência da carteira de crédito com recursos livres - Pessoas jurídicas - Conta garantida","M","%"
"21095","Inadimplência da carteira de crédito com recursos livres - Pessoas jurídicas - Cheque especial","M","%"
"21096","Inadimplência da carteira de crédito com recursos livres - Pessoas jurídicas - Aquisição de veículos","M","%"
"21097","Inadimplência da carteira de crédito com recursos livres - Pessoas jurídicas - Aquisição de outros bens","M","%"
"21098","Inadimplência da carteira de crédito com recursos livres - Pessoas jurídicas - Aquisição de bens total","M","%"
"21099","Inadimplência da carteira de crédito com recursos livres - Pessoas jurídicas - Arrendamento mercantil de veículos","M","%"
"21100","Inadimplência da carteira de crédito com recursos livres - Pessoas jurídicas - Arrendamento mercantil de outros bens","M","%"
"21101","Inadimplência da carteira de crédito com recursos livres - Pessoas jurídicas - Arrendamento mercantil total","M","%"
"21102","Inadimplência da carteira de crédito com recursos livres - Pessoas jurídicas - Vendor","M","%"
"21103","Inadimplência da carteira de crédito com recursos livres - Pessoas jurídicas - Compror","M","%"
"21104","Inadimplência da carteira de crédito com recursos livres - Pessoas jurídicas - Cartão de crédito rotativo","M","%"
"21105","Inadimplência da carteira de crédito com recursos livres - Pessoas jurídicas - Cartão de crédito parcelado","M","%"
"21106","Inadimplência da carteira de crédito com recursos livres - Pessoas jurídicas - Cartão de crédito total","M","%"
"21107","Inadimplência da carteira de crédito com recursos livres - Pessoas jurídicas - Adiantamento sobre contratos de câmbio (ACC)","M","%"
"21108","Inadimplência da carteira de crédito com recursos livres - Pessoas jurídicas - Financiamento a importações","M","%"
"21109","Inadimplência da carteira de crédito com recursos livres - Pessoas jurídicas - Financiamento a exportações","M","%"
"21110","Inadimplência da carteira de crédito com recursos livres - Pessoas jurídicas - Repasse externo","M","%"
"21111","Inadimplência da carteira de crédito com recursos livres - Pessoas jurídicas - Outros créditos livres","M","%"
"21112","Inadimplência da carteira de crédito com recursos livres - Pessoas físicas - Total","M","%"
"21113","Inadimplência da carteira de crédito com recursos livres - Pessoas físicas - Cheque especial","M","%"
"21114","Inadimplência da carteira de crédito com recursos livres - Pessoas físicas - Crédito pessoal não consignado total","M","%"
"21115","Inadimplência da carteira de crédito com recursos livres - Pessoas físicas - Crédito pessoal não consignado vinculado à composição de dívidas","M","%"
"21116","Inadimplência da carteira de crédito com recursos livres - Pessoas físicas - Crédito pessoal consignado para trabalhadores do setor privado","M","%"
"21117","Inadimplência da carteira de crédito com recursos livres - Pessoas físicas - Crédito pessoal consignado para trabalhadores do setor público","M","%"
"21118","Inadimplência da carteira de crédito com recursos livres - Pessoas físicas - Crédito pessoal consignado para aposentados e pensionistas do INSS","M","%"
"21119","Inadimplência da carteira de crédito com recursos livres - Pessoas físicas - Crédito pessoal consignado total","M","%"
"21120","Inadimplência da carteira de crédito com recursos livres - Pessoas físicas - Crédito pessoal total","M","%"
"21121","Inadimplência da carteira de crédito com recursos livres - Pessoas físicas - Aquisição de veículos","M","%"
"21122","Inadimplência da carteira de crédito com recursos livres - Pessoas físicas - Aquisição de outros bens","M","%"
"21123","Inadimplência da carteira de crédito com recursos livres - Pessoas físicas - Aquisição de bens total","M","%"
"21124","Inadimplência da carteira de crédito com recursos livres - Pessoas físicas - Arrendamento mercantil de veículos","M","%"
"21125","Inadimplência da carteira de crédito com recursos livres - Pessoas físicas - Arrendamento mercantil de outros bens","M","%"
"21126","Inadimplência da carteira de crédito com recursos livres - Pessoas físicas - Arrendamento mercantil total","M","%"
"21127","Inadimplência da carteira de crédito com recursos livres - Pessoas físicas - Cartão de crédito rotativo","M","%"
"21128","Inadimplência da carteira de crédito com recursos livres - Pessoas físicas - Cartão de crédito parcelado","M","%"
"21129","Inadimplência da carteira de crédito com recursos livres - Pessoas físicas - Cartão de crédito total","M","%"
"21130","Inadimplência da carteira de crédito com recursos livres - Pessoas físicas - Desconto de cheques","M","%"
"21131","Inadimplência da carteira de crédito com recursos livres - Pessoas físicas - Outros créditos livres","M","%"
"21132","Inadimplência da carteira de crédito com recursos direcionados - Total","M","%"
"21133","Inadimplência da carteira de crédito com recursos direcionados - Pessoas jurídicas - Total","M","%"
"21134","Inadimplência da carteira de crédito com recursos direcionados - Pessoas jurídicas - Crédito rural com taxas de mercado","M","%"
"21135","Inadimplência da carteira de crédito com recursos direcionados - Pessoas jurídicas - Crédito rural com taxas reguladas","M","%"
"21136","Inadimplência da carteira de crédito com recursos direcionados - Pessoas jurídicas - Crédito rural total","M","%"
"21137","Inadimplência da carteira de crédito com recursos direcionados - Pessoas jurídicas - Financiamento imobiliário com taxas de mercado","M","%"
"21138","Inadimplência da carteira de crédito com recursos direcionados - Pessoas jurídicas - Financiamento imobiliário com taxas reguladas","M","%"
"21139","Inadimplência da carteira de crédito com recursos direcionados - Pessoas jurídicas - Financiamento imobiliário total","M","%"
"21140","Inadimplência da carteira de crédito com recursos direcionados - Pessoas jurídicas - Capital de giro com recursos do BNDES","M","%"
"21141","Inadimplência da carteira de crédito com recursos direcionados - Pessoas jurídicas - Financiamento de investimentos com recursos do BNDES","M","%"
"21142","Inadimplência da carteira de crédito com recursos direcionados - Pessoas jurídicas - Financiamento agroindustrial com recursos do BNDES","M","%"
"21143","Inadimplência da carteira de crédito com recursos direcionados - Pessoas jurídicas - Financiamento com recursos do BNDES total","M","%"
"21144","Inadimplência da carteira de crédito com recursos direcionados - Pessoas jurídicas - Outros créditos direcionados","M","%"
"21145","Inadimplência da carteira de crédito com recursos direcionados - Pessoas físicas - Total","M","%"
"21146","Inadimplência da carteira de crédito com recursos direcionados - Pessoas físicas - Crédito rural com taxas de mercado","M","%"
"21147","Inadimplência da carteira de crédito com recursos direcionados - Pessoas físicas - Crédito rural com taxas reguladas","M","%"
"21148","Inadimplência da carteira de crédito com recursos direcionados - Pessoas físicas - Crédito rural total","M","%"
"21149","Inadimplência da carteira de crédito com recursos direcionados - Pessoas físicas - Financiamento imobiliário com taxas de mercado","M","%"
"21150","Inadimplência da carteira de crédito com recursos direcionados - Pessoas físicas - Financiamento imobiliário com taxas reguladas","M","%"
"21255","Saldo das operações de crédito das instituições financeiras sob controle privado nacional - Risco E - Setor imobiliário","M","R$ (milhões)"
"21256","Saldo das operações de crédito das instituições financeiras sob controle privado nacional - Risco F - Setor imobiliário","M","R$ (milhões)"
"21257","Saldo das operações de crédito das instituições financeiras sob controle privado nacional - Risco G - Setor imobiliário","M","R$ (milhões)"
"21258","Saldo das operações de crédito das instituições financeiras sob controle privado nacional - Risco H - Setor imobiliário","M","R$ (milhões)"
"21259","Saldo das operações de crédito das instituições financeiras sob controle privado nacional - Risco normal (Níveis de risco AA a C) - Setor imobiliário","M","R$ (milhões)"
"21260","Saldo das operações de crédito das instituições financeiras sob controle público - Risco 1 (Níveis de risco D a G) - Setor imobiliário","M","R$ (milhões)"
"21261","Saldo das operações de crédito das instituições financeiras sob controle público - Risco 2 (Nível de risco H) - Setor imobiliário","M","R$ (milhões)"
"21262","Saldo das operações de crédito das instituições financeiras sob controle público - Risco A - Setor imobiliário","M","R$ (milhões)"
"21263","Saldo das operações de crédito das instituições financeiras sob controle público - Risco AA - Setor imobiliário","M","R$ (milhões)"
"21264","Saldo das operações de crédito das instituições financeiras sob controle público - Risco B - Setor imobiliário","M","R$ (milhões)"
"21265","Saldo das operações de crédito das instituições financeiras sob controle público - Risco C - Setor imobiliário","M","R$ (milhões)"
"21266","Saldo das operações de crédito das instituições financeiras sob controle público - Risco D - Setor imobiliário","M","R$ (milhões)"
"21267","Saldo das operações de crédito das instituições financeiras sob controle público - Risco E - Setor imobiliário","M","R$ (milhões)"
"21268","Saldo das operações de crédito das instituições financeiras sob controle público - Risco F - Setor imobiliário","M","R$ (milhões)"
"21269","Saldo das operações de crédito das instituições financeiras sob controle público - Risco G - Setor imobiliário","M","R$ (milhões)"
"21270","Saldo das operações de crédito das instituições financeiras sob controle público - Risco H - Setor imobiliário","M","R$ (milhões)"
"21271","Saldo das operações de crédito das instituições financeiras sob controle público - Risco normal (Níveis de risco AA a C) - Setor imobiliário","M","R$ (milhões)"
"21272","Saldo das operações de crédito por atividade econômica - Setor imobiliário","M","R$ (milhões)"
"21273","Saldo das operações de crédito por atividade econômica das instituições financeiras sob controle estrangeiro - Setor imobiliário","M","u.m.c. (milhões)"
"21274","Saldo das operações de crédito por atividade econômica das instituições financeiras sob controle privado - Setor imobiliário","M","R$ (milhões)"
"21275","Saldo das operações de crédito por atividade econômica das instituições financeiras sob controle privado nacional - Setor imobiliário","M","u.m.c. (milhões)"
"21276","Saldo das operações de crédito por atividade econômica das instituições financeiras sob controle público - Setor imobiliário","M","R$ (milhões)"
"21277","Concessões de crédito com recursos livres - Série encadeada ao crédito referencial - Total","M","R$ (milhões)"
"21278","Concessões de crédito com recursos livres - Série encadeada ao crédito referencial - Pessoas jurídicas - Total","M","R$ (milhões)"
"21279","Concessões de crédito com recursos livres - Série encadeada ao crédito referencial - Pessoas físicas - Total","M","R$ (milhões)"
"21280","Índice de volume de vendas no varejo com ajuste sazonal - Sul","M","Índice"
"21281","Índice de volume de vendas no varejo ampliado com ajuste sazonal - Sul","M","Índice"
"21282","Produção física industrial com ajuste sazonal - Sul (2002=100)","M","Índice"
"21299","Saldo das operações de crédito das instituições financeiras sob controle privado em relação ao PIB","M","%"
"21300","Saldo das operações de crédito das instituições financeiras sob controle público em relação ao PIB","M","%"
"21301","Saldo das operações de crédito das instituições financeiras sob controle privado nacional em relação ao PIB","M","%"
"21302","Saldo das operações de crédito das instituições financeiras sob controle estrangeiro em relação ao PIB","M","%"
"21303","Índice de volume de vendas no varejo - Total - Centro-Oeste - com ajuste sazonal","M","Índice"
"21304","Produção Industrial (2002=100) - Centro-Oeste - com ajuste sazonal","M","Índice"
"21305","Índice de volume de vendas no varejo - Ampliado - Centro-Oeste - com ajuste sazonal","M","Índice"
"21306","Índice de volume de vendas no varejo - Total - Centro-Oeste","M","Índice"
"21307","Índice de volume de vendas no varejo - Ampliado - Centro-Oeste","M","Índice"
"21308","Produção Industrial (2002=100) - Centro-Oeste","M","Índice"
"25400","Índice de Atividade Econômica Regional - Região Sul - IBCR-S","M","Índice"
"25401","Índice de Atividade Econômica Regional - Rio Grande do Sul - IBCR-RS","M","Índice"
"25402","Índice de Atividade Econômica Regional - Santa Catarina - IBCR-SC","M","Índice"
"25403","Índice de Atividade Econômica Regional - Região Sul - IBCR-S - com ajuste sazonal","M","Índice"
"25404","Índice de Atividade Econômica Regional - Rio Grande do Sul - IBCR-RS - com ajuste sazonal","M","Índice"
"25405","Índice de Atividade Econômica Regional - Santa Catarina - IBCR-SC - com ajuste sazonal","M","Índice"
"25406","Índice de Atividade Econômica Regional - Região Norte - IBCR-N","M","Índice"
"25407","Índice de Atividade Econômica Regional - Região Norte - IBCR-N - com ajuste sazonal","M","Índice"
"25408","Índice de Atividade Econômica Regional - Paraná - IBCR-PR","M","Índice"
"25409","Índice de Atividade Econômica Regional - Pará - IBCR-PA","M","Índice"
"25410","Índice de Atividade Econômica Regional - Pará - IBCR-PA - com ajuste sazonal","M","Índice"
"25411","Índice de Atividade Econômica Regional - Amazonas - IBCR-AM","M","Índice"
"25412","Índice de Atividade Econômica Regional - Amazonas - IBCR-AM - com ajuste sazonal","M","Índice"
"25413","Índice de Atividade Econômica Regional - Paraná - IBCR-PR - com ajuste sazonal","M","Índice"
"25415","Índice de Atividade Econômica Regional - Bahia - IBCR-BA","M","Índice"
"25416","Índice de Atividade Econômica Regional - Bahia - IBCR-BA - com ajuste sazonal","M","Índice"
"25417","Índice de Atividade Econômica Regional - Pernambuco - IBCR-PE","M","Índice"
"25418","Índice de Atividade Econômica Regional - Pernambuco - IBCR-PE - com ajuste sazonal","M","Índice"
"25419","Mediana dos Valores de Garantia de Imóveis Residenciais Financiados (MVG-R)","M","R$"
