mes,data,ipca_var_pct,indice_ipca,fator_para_base,base_do_indice
201501,2015-01-01,1.24,101.24,1.8358064240051972,202603
201502,2015-02-01,1.22,102.475128,1.8136795336941287,202603
201503,2015-03-01,1.32,103.82779968960001,1.7900508623116151,202603
201504,2015-04-01,0.71,104.56497706739619,1.7774311014910287,202603
201505,2015-05-01,0.74,105.33875789769492,1.7643747285001277,202603
201506,2015-06-01,0.79,106.17093408508671,1.750545419684619,202603
201507,2015-07-01,0.62,106.82919387641425,1.7397589144152446,202603
201508,2015-08-01,0.22,107.06421810294235,1.7359398467523897,202603
201509,2015-09-01,0.54,107.64236488069825,1.726616119705977,202603
201510,2015-10-01,0.82,108.52503227271997,1.7125730209343157,202603
201511,2015-11-01,1.01,109.62113509867444,1.6954489861739588,202603
201512,2015-12-01,0.96,110.67349799562172,1.6793274427238103,202603
201601,2016-01-01,1.27,112.0790514201661,1.6582674461576088,202603
201602,2016-02-01,0.9,113.08776288294757,1.6434761607112083,202603
201603,2016-03-01,0.43,113.57404026334423,1.6364394709859689,202603
201604,2016-04-01,0.61,114.26684190895062,1.626517712937053,202603
201605,2016-05-01,0.78,115.15812327584045,1.6139290662205326,202603
201606,2016-06-01,0.35,115.5611767073059,1.6083000161639585,202603
201607,2016-07-01,0.52,116.16209482618389,1.5999801195423384,202603
201608,2016-08-01,0.44,116.6732080434191,1.592971046935821,202603
201609,2016-09-01,0.08,116.76654660985382,1.5916976887847931,202603
201610,2016-10-01,0.26,117.07013963103942,1.5875700067671987,202603
201611,2016-11-01,0.18,117.2808658823753,1.584717515239767,202603
201612,2016-12-01,0.3,117.6327084800224,1.5799775824922906,202603
201701,2017-01-01,0.38,118.0797127722465,1.5739963961867807,202603
201702,2017-02-01,0.33,118.46937582439492,1.5688192925214597,202603
201703,2017-03-01,0.25,118.7655492639559,1.564907024959062,202603
201704,2017-04-01,0.14,118.93182103292546,1.5627192180537866,202603
201705,2017-05-01,0.31,119.30050967812753,1.5578897597984114,202603
201706,2017-06-01,-0.23,119.02611850586784,1.5614811664813184,202603
201707,2017-07-01,0.24,119.31178119028192,1.5577425842790487,202603
201708,2017-08-01,0.19,119.53847357454346,1.5547884861553536,202603
201709,2017-09-01,0.16,119.72973513226273,1.552304798477789,202603
201710,2017-10-01,0.42,120.23260001981824,1.5458123864546793,202603
201711,2017-11-01,0.28,120.56925129987373,1.5414961971027914,202603
201712,2017-12-01,0.44,121.09975600559318,1.5347433264663395,202603
201801,2018-01-01,0.29,121.45094529800937,1.5303054406883436,202603
201802,2018-02-01,0.32,121.83958832296302,1.5254240836207569,202603
201803,2018-03-01,0.09,121.94924395245368,1.524052436427972,202603
201804,2018-04-01,0.22,122.21753228914906,1.520706881289136,202603
201805,2018-05-01,0.4,122.70640241830566,1.5146482881365897,202603
201806,2018-06-01,1.26,124.25250308877631,1.4958011931034858,202603
201807,2018-07-01,0.33,124.66253634896928,1.4908812848634363,202603
201808,2018-08-01,-0.09,124.5503400662552,1.4922242867214857,202603
201809,2018-09-01,0.48,125.14818169857323,1.485095826753071,202603
201810,2018-10-01,0.45,125.71134851621679,1.4784428340000708,202603
201811,2018-11-01,-0.21,125.44735468433275,1.4815540976050412,202603
201812,2018-12-01,0.15,125.63552571635925,1.4793350949625972,202603
201901,2019-01-01,0.32,126.03755939865162,1.4746163227298614,202603
201902,2019-02-01,0.43,126.57952090406582,1.468302621457594,202603
201903,2019-03-01,0.75,127.52886731084632,1.4573723289901674,202603
201904,2019-04-01,0.57,128.25578185451815,1.4491123883764219,202603
201905,2019-05-01,0.13,128.422514370929,1.4472309880919025,202603
201906,2019-06-01,0.01,128.4353566223661,1.4470862794639563,202603
201907,2019-07-01,0.19,128.6793837999486,1.4443420296077016,202603
201908,2019-08-01,0.11,128.82093112212857,1.4427549991086817,202603
201909,2019-09-01,-0.04,128.76940274967973,1.4433323320414981,202603
201910,2019-10-01,0.1,128.89817215242937,1.4418904415998988,202603
201911,2019-11-01,0.51,129.55555283040678,1.4345741136204342,202603
201912,2019-12-01,1.15,131.04544168795647,1.4182640767379477,202603
202001,2020-01-01,0.21,131.32063711550117,1.4152919636143577,202603
202002,2020-02-01,0.25,131.6489387082899,1.4117625572213046,202603
202003,2020-03-01,0.07,131.7410929653857,1.4107750147110072,202603
202004,2020-04-01,-0.31,131.332695577193,1.4151620169635943,202603
202005,2020-05-01,-0.38,130.83363133399965,1.4205601455165573,202603
202006,2020-06-01,0.26,131.17379877546804,1.4168762672217807,202603
202007,2020-07-01,0.36,131.64602445105973,1.4117938095075535,202603
202008,2020-08-01,0.24,131.96197490974225,1.4084136168271686,202603
202009,2020-09-01,0.64,132.80653154916462,1.39945709144194,202603
202010,2020-10-01,0.86,133.94866772048744,1.387524381758814,202603
202011,2020-11-01,0.89,135.14081086319976,1.3752843510346062,202603
202012,2020-12-01,1.35,136.96521180985297,1.3569653192250677,202603
202101,2021-01-01,0.25,137.30762483937758,1.3535813658105416,202603
202102,2021-02-01,0.86,138.48847041299624,1.3420398233299042,202603
202103,2021-03-01,0.93,139.7764131878371,1.3296738564647819,202603
202104,2021-04-01,0.31,140.2097200687194,1.3255646061856063,202603
202105,2021-05-01,0.83,141.37346074528978,1.3146529863984988,202603
202106,2021-06-01,0.53,142.1227400872398,1.3077220594832377,202603
202107,2021-07-01,0.96,143.48711839207732,1.2952873013898947,202603
202108,2021-08-01,0.87,144.7354563220884,1.284115496569738,202603
202109,2021-09-01,1.16,146.41438761542463,1.2693905660040903,202603
202110,2021-10-01,1.25,148.24456746061742,1.2537190775349043,202603
202111,2021-11-01,0.95,149.65289085149328,1.241920829653199,202603
202112,2021-12-01,0.73,150.74535695470922,1.2329205099307043,202603
202201,2022-01-01,0.54,151.55938188226466,1.2262984980412814,202603
202202,2022-02-01,1.01,153.0901316392755,1.2140367270975958,202603
202203,2022-03-01,1.62,155.5701917718318,1.194682864689624,202603
202204,2022-04-01,1.06,157.2192358046132,1.182152052928581,202603
202205,2022-05-01,0.47,157.95816621289487,1.1766219298582472,202603
202206,2022-06-01,0.67,159.01648592652126,1.168791029957532,202603
202207,2022-07-01,-0.68,157.9351738222209,1.1767932238799155,202603
202208,2022-08-01,-0.36,157.3666071964609,1.1810449858288994,202603
202209,2022-09-01,-0.29,156.91024403559115,1.1844799777644164,202603
202210,2022-10-01,0.59,157.83601447540116,1.1775325358031774,202603
202211,2022-11-01,0.41,158.48314213475027,1.1727243659029756,202603
202212,2022-12-01,0.62,159.46573761598572,1.1654982765881292,202603
202301,2023-01-01,0.53,160.31090602535045,1.1593537019677003,202603
202302,2023-02-01,0.84,161.6575176359634,1.1496962534388142,202603
202303,2023-03-01,0.71,162.80528601117874,1.1415909576395733,202603
202304,2023-04-01,0.61,163.79839825584693,1.1346694738490937,202603
202305,2023-05-01,0.23,164.17513457183537,1.132065722686914,202603
202306,2023-06-01,-0.08,164.0437944641779,1.1329721003672077,202603
202307,2023-07-01,0.12,164.2406470175349,1.1316141633711623,202603
202308,2023-08-01,0.23,164.61840050567525,1.1290174232975778,202603
202309,2023-09-01,0.26,165.04640834698998,1.1260895903626351,202603
202310,2023-10-01,0.24,165.44251972702276,1.1233934460920143,202603
202311,2023-11-01,0.28,165.9057587822584,1.1202567272556985,202603
202312,2023-12-01,0.56,166.83483103143905,1.1140182251946087,202603
202401,2024-01-01,0.42,167.5355373217711,1.1093589177401002,202603
202402,2024-02-01,0.83,168.92608228154177,1.100227033363186,202603
202403,2024-03-01,0.16,169.19636401319224,1.0984694821916792,202603
202404,2024-04-01,0.38,169.8393101964424,1.0943111000116348,202603
202405,2024-05-01,0.46,170.620571023346,1.089300318546322,202603
202406,2024-06-01,0.21,170.97887422249502,1.0870175816249097,202603
202407,2024-07-01,0.38,171.6285939445405,1.0829025519275848,202603
202408,2024-08-01,-0.02,171.59426822575162,1.0831191757627372,202603
202409,2024-09-01,0.44,172.34928300594493,1.0783743287163852,202603
202410,2024-10-01,0.56,173.31443899077823,1.0723690619693567,202603
202411,2024-11-01,0.39,173.99036530284226,1.068203069996371,202603
202412,2024-12-01,0.52,174.89511520241706,1.0626771488224938,202603
202501,2025-01-01,0.16,175.17494738674094,1.0609795814921064,202603
202502,2025-02-01,1.31,177.46973919750727,1.0472604693437038,202603
202503,2025-03-01,0.56,178.46356973701333,1.0414284699121952,202603
202504,2025-04-01,0.43,179.23096308688247,1.0369695010576474,202603
202505,2025-05-01,0.26,179.69696359090835,1.034280372090213,202603
202506,2025-06-01,0.24,180.12823630352653,1.0318040423884807,202603
202507,2025-07-01,0.26,180.59656971791568,1.029128308785638,202603
202508,2025-08-01,-0.11,180.39791349122598,1.030261596541834,202603
202509,2025-09-01,0.48,181.26382347598386,1.0253399647112202,202603
202510,2025-10-01,0.09,181.4269609171122,1.024417988521551,202603
202511,2025-11-01,0.18,181.75352944676303,1.0225773492928238,202603
202512,2025-12-01,0.33,182.35331609393734,1.01921394328,202603
202601,2026-01-01,0.33,182.95508203704736,1.0158615999999998,202603
202602,2026-02-01,0.7,184.23576761130667,1.0088,202603
202603,2026-03-01,0.88,185.85704236628615,1.0,202603
202604,2026-04-01,0.67,187.10228455014027,0.9933445912387007,202603
202605,2026-05-01,0.58,188.1874778005311,0.9876164160257512,202603
202606,2026-06-01,0.16,188.48857776501197,0.9860387540193203,202603
202607,2026-07-01,0.07,188.62051976944744,0.9853490097125217,202603
